id,category,name_ko,name_th,url,desc_th,desc_en,tags,region,district
gov_socinet,visa,사회통합정보망 (소시넷/KIIP),โซซีเน็ต (โครงการบูรณาการสังคม KIIP),https://www.socinet.go.kr,สมัครโครงการ KIIP (โครงการบูรณาการสังคม) เรียนภาษาและวัฒนธรรมเกาหลีเพื่อต่อวีซ่าและถิ่นที่อยู่,Apply for KIIP social integration program (linked to visa/residency),"사회통합,KIIP,교육,비자,영주,공부,한국어,배움",national,
gov_hikorea,visa,하이코리아 (HiKorea),ฮายโคเรีย (ตรวจคนเข้าเมือง),https://www.hikorea.go.kr,ต่อวีซ่า ลงทะเบียนคนต่างชาติ ยื่นเรื่อง ตม. ออนไลน์,Visa extension, alien registration & immigration e-services,"출입국,비자연장,외국인등록,체류,신고",national,
gov_visa,visa,대한민국 비자포털,พอร์ทัลวีซ่าเกาหลี,https://www.visa.go.kr,ยื่นวีซ่าและตรวจสอบสถานะการพิจารณาออนไลน์,Apply for visa & check application status online,"비자,사증,신청,발급,조회",national,
sup_danuri,admin,다누리콜센터 1577-1366,ศูนย์ดานูรี 1577-1366,tel:1577-1366,สายด่วนช่วยเหลือหญิงต่างชาติ/ครอบครัวพหุวัฒนธรรม 24 ชม.,24h helpline for migrant women & multicultural families,"이주여성,긴급지원,상담,다국어,전화,가족,공부",national,
gov_1345,admin,외국인종합안내센터 1345,สายด่วนช่วยเหลือคนต่างชาติ 1345,tel:1345,สายด่วนปรึกษา ตม./การใช้ชีวิต รองรับ 20 ภาษา (กด 1345),"Foreigner help line, 20 languages (dial 1345)","상담,다국어,출입국,전화,생활",national,
emb_th,admin,주한 태국 대사관,สถานเอกอัครราชทูต ณ กรุงโซล,https://seoul.thaiembassy.org,ทำหนังสือเดินทาง วีซ่า และบริการกงสุลสำหรับคนไทย,Passport, visa & consular services for Thai nationals,"대사관,여권,비자,영사,태국",national,
adm_bbb_korea,admin,BBB 코리아 (무료 통역),บีบีบี โคเรีย (ล่ามอาสาสมัครฟรี),http://www.bbbkorea.org,บริการล่ามแปลภาษาทางโทรศัพท์ฟรี 20 ภาษา ตลอด 24 ชม.,Free 24/7 telephone interpretation in 20 languages,"통역,번역,ล่าม,공공,무료,전화",national,
adm_kto_travel,admin,관광안내 1330,สายด่วนบริการข้อมูลท่องเที่ยว 1330,tel:1330,สายด่วนข้อมูลท่องเที่ยวและการช่วยเหลือฉุกเฉิน 24 ชม. (มีภาษาไทย),Korea travel & interpretation helpline (dial 1330),"관광,여행,안내,통역,전화",national,
sup_global_seoul,admin,서울글로벌센터,ศูนย์โซลโกลบอล (Seoul Global Center),https://global.seoul.go.kr,ปรึกษาการใช้ชีวิต กฎหมาย งาน ฟรี พร้อมล่าม,Free life/legal/job consultation with interpreter,"상담,법률,취업,통역,생활",national,
adm_sejong_academy,admin,온라인 세종학당,สถาบัน세จงออนไลน์ (เรียนภาษาฟรี),https://www.sejonghakdang.org,หลักเรียนภาษาและวัฒนธรรมเกาหลีออนไลน์ฟรีของรัฐบาล,Government-run free online Korean language courses,"세종학당,한국어,인터넷,공부,배움,무료",national,
adm_nts_call,admin,국세청 외국인 상담 (1588-0560),สายด่วนภาษีคนต่างชาติ 1588-0560,tel:1588-0560,สายด่วนให้คำปรึกษาด้านภาษีและยื่นภาษีปลายปีสำหรับต่างชาติ,National Tax Service foreigner helpline (dial 1588-0560),"세금,연말정산,상담,국세청",national,
adm_court_interpreter,admin,경찰·법원 국선 통역인 안내,ข้อมูลล่ามแปลสำหรับศาลและตำรวจ (ฟรี),https://www.scourt.go.kr,การจัดหาล่ามแปลในกระบวนการยุติธรรมสำหรับคนต่างชาติฟรี,Free judicial interpretation service in legal proceedings,"법률,재판,경찰,통역,무료",national,
gov_gov24,admin,정부24 (Government24),รัฐบาล 24 (Government24),https://www.gov.kr,ออกเอกสารราชการและบริการภาครัฐออนไลน์,Government documents & civil services online,"행정,서류,민원,정부",national,
hos_egen,medical,응급의료포털 E-Gen,พอร์ทัลการแพทย์ฉุกเฉิน E-Gen,https://www.e-gen.or.kr,ค้นหาโรงพยาบาล ร้านยา ห้องฉุกเฉินใกล้ตัว (ฉุกเฉิน 119),"Find nearby hospitals, pharmacies & ER (emergency 119)","병원,응급,약국,의료,감기,배탈,아플때",national,
hos_1339,medical,질병·의료상담 1339,สายด่วนปรึกษาสุขภาพ 1339,tel:1339,สายด่วนปรึกษาสุขภาพ/โรคติดต่อ (กด 1339),Health & disease consultation line (dial 1339),"의료상담,감염병,전화,감기,아플때",national,
hos_medical_support,medical,외국인노동자의료공제회 (위프렌즈),สมาคมช่วยเหลือทางการแพทย์แรงงานต่างชาติ (WeFriends),https://www.wefriends.org,ช่วยเหลือค่ารักษาพยาบาลสำหรับแรงงานต่างชาติที่ไม่มีประกันสุขภาพ,Medical fee support for uninsured foreign workers,"의료,지원,공제회,미등록,아플때",national,
hos_nhis,labor,국민건강보험공단,ประกันสุขภาพแห่งชาติ (NHIS),https://www.nhis.or.kr,정보보험안내 및 건강보험 신청/보험료 조회,National health insurance info & enrollment,"건강보험,의료,보험,자격",national,
lab_support_center,labor,외국인노동자지원센터,ศูนย์ช่วยเหลือแรงงานต่างชาติ,http://www.koreanlaw.org,ปรึกษา문제에 대한 전문상담과 무료 지원,"Free labor, legal & insurance counseling","노동,임금체불,상담,센터,권리",national,
lab_eps_topik,labor,EPS-TOPIK 시험안내,ศูนย์ข้อมูลสอบวัดระดับภาษาเกาหลี EPS-TOPIK,https://eps.hrdkorea.or.kr,정보제공 및 시험 원수 접수 안내,Korean language proficiency test info for EPS system,"토픽,한국어,시험,고용허가제,공부,배움",national,
lab_moel_call,labor,고용노동부 외국어상담 (1577-0071),สายด่วนกระทรวงแรงงานเกาหลี 1577-0071,tel:1577-0071,สายด่วนปรึกษาข้อพิพาทแรงงานและกฎหมายแรงงาน (ภาษาไทย กด 7),Ministry of Employment foreigner helpline (Thai ext. 7),"노동부,임금체불,부당해고,상담,전화",national,
rem_hanpass,finance,한패스 (Hanpass),ฮันพาส (Hanpass),https://www.hanpass.com,โอนเงินกลับไทย ค่าธรรมเนียมถูก สำหรับคนต่างชาติ,"Send money to Thailand, low fees","송금,해외송금,전자지갑,금융",national,
rem_gme,finance,GME 송금,GME (โอนเงินต่างประเทศ),https://www.gmeremit.com,บริการโอนเงินระหว่างประเทศสำหรับคนต่างชาติ,International money transfer for foreigners,"송금,해외송금,금융",national,
rem_sentbe,finance,센트비 (Sentbe),세นต์บี (Sentbe),https://www.sentbe.com,โอนเงินต่างประเทศ ค่าธรรมเนียมประหยัด,Overseas remittance with low fees,"송금,해외송금,수수료,금융",national,
rem_wirebarley,finance,와이어바알리 (WireBarley),ไวร์บาร์ลีย์ (WireBarley),https://www.wirebarley.com,โอนเงินไปได้หลายประเทศ,Multi-country money transfer,"송금,해외송금,금융",national,
tel_freet,transport,프리티 (Freet),ฟรีที (Freet · ซิมประหยัด),https://www.freet.co.kr,ซิมราคาประหยัด 오픈 폰으로 본인 개통 지원,"Budget SIM, self-registration with ARC","알뜰폰,본인개통,통신,휴대폰",national,
tel_chingu,transport,찡구모바일 (Chingu Mobile),ชิงกูโมบายล์ (Chingu Mobile),https://www.chingumobile.com,ซิมราคาประหยัด개통 서비스 지원,Multilingual budget SIM (self-registration),"알뜰폰,본인개통,다국어,통신,휴대폰",national,
seoul_snuh,medical,서울대학교병원 국제진료센터,ศูนย์การแพทย์นานาชาติ รพ. มหาวิทยาลัยโซล (SNUH),https://www.snuh.org/global/en/main.do,บริการประสานงานล่ามภาษาอังกฤษ/จีน/รัสเซียครบวงจร,English/Chinese/Russian coordination services,"병원,의사,대형병원,감기,아플때,내과,소아과,피부과,이비인후과,정형외과,산부인과,치과,한의원",seoul,종로구
seoul_severance,medical,신촌 세브란스병원 국제진료소,คลินิกสุขภาพนานาชาติ รพ. 세เวรานส์ (Shinchon),https://sev.severance.healthcare/sev-en/index.do,ศูนย์บริการทางการแพทย์ระดับสากลพร้อมทีมแพทย์เฉพาะทางช่วยเหลือต่างชาติ,High-quality international healthcare services,"병원,응급,의료,감기,아플때,내과,소아과,피부과,이비인후과,정형외과,산부인과,치과",seoul,서대문구
seoul_soonsiki,hair,순시키헤어 홍대점 (SOONSIKI),ซุนสิกิ แฮร์ ฮงแด (ร้านทำผมสไตล์ K-Beauty),https://www.soonsiki.com,ร้านทำผมที่คนต่างชาตินิยม ดีไซเนอร์สื่อสารภาษาอังกฤษได้ดี,Top foreigner-friendly K-Beauty hair salon,"미용실,머리,헤어숍,순시키,뷰티",seoul,마포구
seoul_thedays,hair,더데이즈헤어 홍대 (The Day's Hair),เดอะ เดย์ส แฮร์ ฮงแด (ดีไซเนอร์พูดภาษาอังกฤษได้ดี),https://www.instagram.com/thedayshair,ร้านทำผมยอดนิยมในฮงแด สื่อสารคล่องแคล่ว บริการละเอียด,Highly recommended English-fluent hair studio,"미용실,헤어숍,커트,뷰티",seoul,마포구
seoul_nail_nailit,nail,네일잇 홍대 (Nail It),네ลอิท ฮงแด (ร้านทำเล็บราคาประหยัดใกล้สถานี),https://map.naver.com/v5/entry/place/1987541245,ร้านทำเล็บเจลสไตล์เกาหลีราคาสบายกระเป๋า เดินทางสะดวก,Affordable gel nail salon near Hongik Univ Station,"네일샵,네일,홍대,뷰티",seoul,마포구
seoul_thai_grocery,thai_food,동대문 태국마트,ซูเปอร์มาเก็ตไทย ทงแดมุน (Thai Groceries),https://map.naver.com/v5/entry/place/21038596,เครื่องปรุงรส มาม่า ปลาร้า และวัตถุดิบอาหารไทยแท้ครบวงจร,Authentic Thai ingredients, seasonings, and imported groceries,"식당,마트,태국마트,똠양꿍,식료품",seoul,종로구
seoul_mobile_telecom,phone,이태원 프렌즈 모바일 (외국인 개통),ร้านมือถือ เฟรนด์ส โมบาย อีแทวอน (เปิดซิมคนต่างชาติ),https://map.naver.com/v5/entry/place/38596712,เปิดซิมเติมเงิน/รายเดือนด้วยพาสปอร์ตหรือบัตรต่างชาติอย่างรวดเร็ว,Foreigner-friendly mobile shop for prepaid/postpaid SIM registration,"폰가게,휴대폰,개통,선불폰,이태원",seoul,용산구
daegu_dongsan,medical,계명대학교 동산병원 국제진료센터,ศูนย์การแพทย์นานาชาติ รพ. ดงซาน (Dongsan Hospital),https://www.dsmc.or.kr,บริการแพทย์เฉพาะทางพร้อมล่าม ดูแลเคสต่างชาติตลอด 24 ชม.,Multilingual medical services with dedicated staff,"병원,치료,대형병원,감기,배탈,아플때,내과,소아과,피부과,이비인후과,정형외과,산부인과,치과",daegu,달서구
daegu_fatima,medical,대구파티마병원 국제진료센터,ศูนย์ประสานงานต่างชาติ รพ.ฟาติมา (Fatima Hospital),https://www.fatima.or.kr,ระบบการรักษาและประสานงานทางการแพทย์ครบวงจรสำหรับคนต่างชาติ,Comprehensive international patient services,"병원,응급,진료,감기,아플때,파티마,내과,소아과,피부과,이비인후과,정형외과,산부인과,치과",daegu,동구
daegu_hairbyone,hair,헤어바이원 (Hair By One),แฮร์ บาย วัน (ร้านทำผมส่วนตัว 1:1 ภาษาอังกฤษดี),https://www.instagram.com/hairbyone_daegu,ร้านทำผมระบบจองล่วงหน้า 1:1 ดีไซเนอร์สื่อสารภาษาอังกฤษได้,1-on-1 private reservation-only hair studio,"미용실,커트,헤어,뷰티",daegu,동구
daegu_kimkiryoung,hair,김기령 헤어드레싱,คิมกีรยอง แฮร์เดรสซิ่ง (ชำนาญการตัดผมชาวต่างชาติ),https://map.naver.com/v5/entry/place/13444004,มีประสบการณ์ตัดผมลูกค้าต่างชาติยาวนาน ย่านบงด็อกดง,Specialized in foreign hair textures and styling,"미용실,머리,뷰티,헤어숍",daegu,남구
daegu_thai_food_krungthep,thai_food,대구 방콕익스프레스,ร้านอาหารไทย กรุงเทพฯ (Bangkok Express),https://map.naver.com/v5/entry/place/120958612,อาหารไทยรสชาติต้นตำรับ ต้มยำกุ้ง ผัดไทย ส้มตำ ย่านดงกู,Authentic Thai restaurant in Daegu serving pad thai and somtum,"식당,맛집,태국식당,태국음식",daegu,동구
daegu_phone_smart,phone,대구 태국인 모바일샵,ร้านมือถือ แทกู โมบาย (บริการเปิดซิมต่างชาติภาษาไทย),https://map.naver.com/v5/entry/place/19835741,เปิดเบอร์มือถือ ซิมระบบเติมเงิน ดำเนินการรวดเร็วโดยพนักงานคนไทย,Mobile shop with Thai staff for SIM registration and phone sales,"폰가게,휴대폰,개통,선불폰",daegu,달서구
busan_pnuh,medical,부산대학교병원 국제진료센터,ศูนย์การแพทย์นานาชาติ รพ. มหาวิทยาลัยปูซาน (PNUH),https://www.pnuh.or.kr,ดูแลการรักษาพยาบาลและล่ามภาษาต่างประเทศสำหรับผู้พำนักฝั่งใต้,Foreign patient medical helper in Busan,"병원,응급,의료,감기,아플때,내과,소아과,피부과,이비인후과,정형외과,산부인과,치과",busan,서구
busan_salondewon,hair,살롱드원 서면점,ซาลอน เดอ วอน ซอมยอน (คอร์สออกแบบเฉพาะคนต่างชาติ),https://map.naver.com/v5/entry/place/1204689725,บริการดูแลจัดแต่งทรงผมย่านซอมยอน รองรับภาษาอังกฤษดี,English friendly hair styling clinic in Seomyeon,"미용실,헤어숍,서면,뷰티",busan,부산진구
busan_bomhair,hair,BOM 헤어 스튜디오,บอม แฮร์ สตูดิโอ (BOM Hair Gwangalli),https://map.naver.com/v5/entry/place/1063124578,ร้านทำผมสไตล์ K-Beauty ใกล้หาดควังอันลี ภาษาอังกฤษดี,K-Beauty hair shop near Gwangalli beach,"미용실,머리,광안리,뷰티",busan,수영구
busan_thai_food_pattaya,thai_food,부산 파타ยา 레스토랑,ร้านอาหารไทย พัทยา 해운대 (Pattaya Thai Food),https://map.naver.com/v5/entry/place/12035867,ต้มยำกุ้ง แกงเขียวหวาน และอาหารไทยแท้ติดหาดแฮอุนแด,Authentic Thai restaurant near Haeundae beach,"식당,맛집,태국식당,해운대",busan,해운대구
busan_phone_friend,phone,부산 다문화 모바일,ร้านมือถือ ปูซาน โมบาย (เปิดซิมพาสปอร์ต),https://map.naver.com/v5/entry/place/18395712,เปิดซิมมือถือระบบเติมเงินและรายเดือนรองรับผู้ใช้บริการชาวต่างชาติ,Multilingual phone shop in Busan for alien registration and SIM cards,"폰가게,휴대폰,개통,선불폰",busan,부산진구
